BillNo,BillDate,CustomerName,EmployeeID,EmployeeName,Region,ProductID,ProductName,MRP,Qty,TotalSales,PaymentMode
B00397,2026-01-11,Casey Chase,E009,Gabrielle Davis,South,P002,Linen Shirt,1259.0,5.0,6295.0,Cash
B00303,17-12-2025,Dr. Kelly Hammond DVM,E007,Abigail Shaffer,East,P002,,1259.0,1.0,1259.0,Cash
B00235,29-11-2025,Shelly Spencer,E007,Abigail Shaffer,East,,Blazer,1145.0,3.0,,UPI
B00542,15-02-2026,Dana Hopkins,E009,Gabrielle Davis,South,P028,Waistcoat,1832.0,5.0,9160.0,UPI
B00378,2026-01-06,Laurie Sanchez,E012,Jamie Arnold,East,P001,Cotton Shirt,1337.0,3.0,4011.0,Debit Card
B00055,2025-10-18,Colin Terry,E007,Abigail Shaffer,East,P016,Sweater,2075.0,5.0,10375.0,UPI
B00497,2026/02/05,Sean Clay,E004,Daniel Wagner,West,P015,Jacket,3462.0,1.0,3462.0,Net Banking
B00258,2025-12-05,Veronica King,E003,Angie Henderson,South,P004,Formal Trousers,1292.0,1.0,1292.0,Debit Card
B00233,2025-11-29,Tracy Montoya,E003,Angie Henderson,South,P026,Printed Skirt,4214.0,,12642.0,Credit Card
B00478,2026-01-30,Ryan Landry,E015,Dylan Miller,East,P022,Palazzo,2407.0,2.0,4814.0,Cash
B00056,2025-10-18,Cynthia Rowe,E004,Daniel Wagner,West,P009,Designer Lehenga,4263.0,,12789.0,Credit Card
B00341,2025/12/26,Barbara Hester,E011,Monica Herrera,East,P020,Night Suit,2870.0,1.0,2870.0,Net Banking
B00481,2026-01-31,Jonathan Brooks,E002,Noah Rhodes,North,P030,Pathani Suit,3410.0,3.0,10230.0,Debit Card
B00078,2025-10-22,David Smith,E010,Ryan Munoz,West,P021,Track Pants,,4.0,,Cash
B00236,2025-12-01,Ryan Rosales,E001,Allison Hill,South,P012,Dupatta,3600.0,5.0,18000.0,Net Banking
B00278,2025-12-10,Heather Williams,E015,Dylan Miller,East,P024,Ethnic Gown,3613.0,5.0,18065.0,UPI
B00305,2025/12/18,Michael Cooper,E015,Dylan Miller,East,P016,Sweater,2075.0,3.0,6225.0,Cash
B00315,,Michelle Jacobs,E015,Dylan Miller,East,P019,Kids Frock,2366.0,5.0,,UPI
B00091,2025/10/27,Sara Fuller,E010,Ryan Munoz,West,P021,Track Pants,1153.0,4.0,4612.0,UPI
B00457,2026-01-25,Michael Morrison,E005,Cristian Santos,South,P016,,2075.0,,10375.0,UPI
B00193,2025/11/17,Madison Weber,E011,Monica Herrera,East,P017,Kids T-Shirt,1069.0,,3207.0,Net Banking
B00221,2025-11-24,Chad Jones,E011,,East,P005,Casual T-Shirt,3440.0,2.0,6880.0,Debit Card
B00548,2026-02-16,Mary Kelly,E013,Lisa Hensley,South,P024,Ethnic Gown,3613.0,4.0,14452.0,Net Banking
B00146,2025-11-08,Christian Leblanc,E007,Abigail Shaffer,East,P022,Palazzo,2407.0,5.0,12035.0,UPI
B00165,11-11-2025,Paula Bradley,E014,Michele Williams,South,,Blazer,1145.0,5.0,5725.0,Debit Card
B00119,2025-11-03,Colton Martinez,E007,Abigail Shaffer,East,P026,Printed Skirt,4214.0,5.0,21070.0,Cash
B00573,2026-02-24,Laurie Bailey,E012,Jamie Arnold,East,P002,Linen Shirt,1259.0,2.0,2518.0,Debit Card
B00519,2026-02-09,Alexander Gomez,E015,,East,P011,,1522.0,2.0,3044.0,Net Banking
B00275,2025-12-09,Samantha Gardner,E009,,South,P020,Night Suit,2870.0,5.0,14350.0,Cash
B00448,2026-01-23,William David DDS,E006,Connie Lawrence,West,P015,Jacket,,4.0,13848.0,Net Banking
B00542,15-02-2026,Dana Hopkins,E009,Gabrielle Davis,South,P028,Waistcoat,1832.0,5.0,9160.0,UPI
B00082,2025/10/23,Ryan Gonzalez,E006,Connie Lawrence,West,P010,Kurti,4892.0,3.0,14676.0,Cash
B00322,2025/12/22,Anthony Gonzales,E013,Lisa Hensley,South,P024,,3613.0,2.0,7226.0,Cash
B00559,20-02-2026,Mr. Jeffrey Horton,E003,Angie Henderson,South,P030,Pathani Suit,3410.0,3.0,10230.0,Cash
B00110,2025/11/01,Johnathan Davis,E008,Gina Moore,North,P006,Polo T-Shirt,3317.0,5.0,16585.0,Debit Card
B00285,12-12-2025,James Bradley,E014,Michele Williams,South,P017,Kids T-Shirt,1069.0,,4276.0,Debit Card
B00064,2025-10-19,Wayne Morgan,E003,,South,P006,Polo T-Shirt,3317.0,5.0,16585.0,Cash
B00102,30-10-2025,Richard Smith,E008,Gina Moore,North,P007,,2666.0,1.0,2666.0,Cash
B00599,2026-03-01,Daniel Brown,E015,,East,P001,Cotton Shirt,1337.0,4.0,5348.0,Debit Card
B00077,2025-10-22,Briana Murray,E011,Monica Herrera,East,P013,Blazer,1145.0,1.0,1145.0,Credit Card
B00584,2026/02/26,Tracey Wagner,E008,,North,P014,Hoodie,2901.0,5.0,14505.0,UPI
B00011,,Theresa Clark,E002,Noah Rhodes,North,P021,,,1.0,,Cash
B00594,2026-03-01,Zachary Cole,E005,Cristian Santos,South,P025,Anarkali Dress,2777.0,1.0,2777.0,Net Banking
B00261,2025-12-05,Evelyn Williams,E005,Cristian Santos,South,P027,Crop Top,3488.0,3.0,10464.0,UPI
B00588,2026/02/27,Jim Newton,E002,Noah Rhodes,North,P001,Cotton Shirt,1337.0,2.0,,Cash
B00260,2025/12/05,Lori Ingram,E015,Dylan Miller,East,P028,Waistcoat,1832.0,1.0,,Net Banking
B00032,2025-10-12,Shannon Rivera,E006,Connie Lawrence,West,P027,Crop Top,3488.0,2.0,,Debit Card
B00394,2026-01-09,Brian Martin,E008,Gina Moore,North,P013,Blazer,1145.0,3.0,,Cash
B00578,2026-02-25,Jennifer Taylor,E007,Abigail Shaffer,East,P015,Jacket,,1.0,3462.0,Cash
B00354,2025-12-31,Paula Lane,E009,Gabrielle Davis,South,P024,Ethnic Gown,3613.0,2.0,7226.0,Credit Card
B00266,2025/12/06,Curtis Williams,E003,,South,P003,Denim Jeans,3612.0,1.0,,UPI
B00526,2026/02/11,Mr. David Wright,E005,Cristian Santos,South,P003,,3612.0,4.0,14448.0,Debit Card
B00444,2026-01-22,Eric Thomas,E004,Daniel Wagner,West,P018,,875.0,,1750.0,Credit Card
B00243,2025/12/02,Marie Moody,E009,Gabrielle Davis,South,P008,Cotton Saree,855.0,3.0,2565.0,Credit Card
B00300,2025-12-16,Allison Spencer,E011,,East,P011,Leggings,1522.0,1.0,1522.0,Credit Card
B00469,28-01-2026,Justin Walker,E003,Angie Henderson,South,P022,,2407.0,5.0,12035.0,Credit Card
B00003,2025-10-03,Karen Short,E014,Michele Williams,South,P016,Sweater,2075.0,3.0,6225.0,Debit Card
B00212,2025-11-21,Felicia Aguilar,E012,Jamie Arnold,East,P017,,1069.0,,1069.0,Net Banking
B00133,2025-11-05,Theresa Williams,E007,Abigail Shaffer,East,P025,Anarkali Dress,2777.0,5.0,,Credit Card
B00576,24-02-2026,Cesar Wilson,E011,,East,P027,Crop Top,3488.0,3.0,10464.0,UPI
B00073,21-10-2025,Elaine Brooks,E010,Ryan Munoz,West,P009,Designer Lehenga,4263.0,3.0,12789.0,Credit Card
B00182,2025-11-13,Tamara Davis,E001,,South,P003,Denim Jeans,3612.0,1.0,3612.0,UPI
B00134,2025-11-05,Sharon Boyd,E011,Monica Herrera,East,P028,Waistcoat,,3.0,5496.0,Credit Card
B00399,2026-01-11,Michael Lopez,E001,Allison Hill,South,,Kurti,4892.0,3.0,,Credit Card
B00329,2025/12/23,Sean Moore,E002,Noah Rhodes,North,P010,Kurti,4892.0,1.0,4892.0,UPI
B00396,2026-01-10,Rachel Bradley,E002,,North,,Kids T-Shirt,1069.0,4.0,4276.0,Net Banking
B00079,2025/10/22,Stephanie Byrd,E010,Ryan Munoz,West,,Waistcoat,,4.0,7328.0,UPI
B00235,29-11-2025,Shelly Spencer,E007,Abigail Shaffer,East,,Blazer,1145.0,3.0,,UPI
B00560,20-02-2026,Eric Patrick,E013,,South,P003,Denim Jeans,3612.0,1.0,3612.0,UPI
B00121,2025-11-03,Linda Smith,E009,,South,P020,,2870.0,3.0,8610.0,UPI
B00200,2025-11-18,Julian Conner,E012,Jamie Arnold,East,P013,,1145.0,1.0,1145.0,Net Banking
B00292,13-12-2025,Katherine Martinez,E009,Gabrielle Davis,South,P012,Dupatta,3600.0,4.0,14400.0,Cash
B00061,2025/10/19,Shelly Alexander,E015,Dylan Miller,East,P001,Cotton Shirt,1337.0,5.0,6685.0,Cash
B00574,2026/02/24,Lisa Cervantes,E008,Gina Moore,North,P004,Formal Trousers,1292.0,,1292.0,Credit Card
B00031,12-10-2025,Brandon Bailey MD,E009,Gabrielle Davis,South,P005,Casual T-Shirt,3440.0,4.0,13760.0,Net Banking
B00070,2025/10/20,Jessica Garcia,E002,Noah Rhodes,North,P024,,3613.0,,3613.0,Cash
B00156,09-11-2025,Renee Bruce,E006,Connie Lawrence,West,P017,Kids T-Shirt,1069.0,3.0,3207.0,Debit Card
B00210,2025/11/21,Michael Mitchell,E008,,North,P019,Kids Frock,2366.0,1.0,2366.0,Credit Card
B00045,2025-10-15,Kathleen Moran,E009,Gabrielle Davis,South,P023,Churidar,1327.0,2.0,2654.0,Cash
B00071,2025-10-21,Shelia Wallace,E008,Gina Moore,North,P016,Sweater,2075.0,4.0,8300.0,Debit Card
B00482,2026-02-01,Mary Jensen,E010,Ryan Munoz,West,P029,Sherwani,3532.0,4.0,14128.0,UPI
B00249,2025/12/04,Eric Williams,E002,Noah Rhodes,North,P018,Kids Shorts,875.0,3.0,2625.0,UPI
B00330,2025-12-24,Kenneth Edwards,E003,Angie Henderson,South,P022,Palazzo,2407.0,1.0,2407.0,Cash
B00422,17-01-2026,Amber Cooper,E002,Noah Rhodes,North,P026,Printed Skirt,4214.0,5.0,21070.0,Credit Card
B00579,25-02-2026,Cody Reid,E014,,South,P016,Sweater,2075.0,3.0,6225.0,UPI
B00358,01-01-2026,Ashley Smith,E005,Cristian Santos,South,P005,Casual T-Shirt,3440.0,2.0,6880.0,Cash
B00183,2025-11-13,Dana Chapman,E011,Monica Herrera,East,,Palazzo,2407.0,,12035.0,UPI
B00287,12-12-2025,Phillip Berry,E005,Cristian Santos,South,P007,,2666.0,,10664.0,Cash
B00066,2025-10-20,Shannon James,E012,Jamie Arnold,East,P016,Sweater,2075.0,,10375.0,Cash
B00236,2025-12-01,Ryan Rosales,E001,Allison Hill,South,P012,Dupatta,3600.0,5.0,18000.0,Net Banking
B00050,2025-10-16,Timothy Romero,E002,Noah Rhodes,North,P008,Cotton Saree,855.0,1.0,855.0,Debit Card
B00159,2025-11-10,Debra White,E014,Michele Williams,South,P015,Jacket,3462.0,4.0,13848.0,Credit Card
B00307,2025/12/19,Vincent Reynolds,E011,,East,P005,Casual T-Shirt,3440.0,,17200.0,Credit Card
B00040,14-10-2025,Tanya Kim,E005,Cristian Santos,South,P008,Cotton Saree,855.0,2.0,,UPI
B00149,2025-11-08,Laurie Hoffman,E002,Noah Rhodes,North,P009,Designer Lehenga,4263.0,5.0,,Credit Card
B00400,2026/01/11,Franklin Wright,E004,Daniel Wagner,West,P012,Dupatta,3600.0,2.0,7200.0,UPI
B00007,2025-10-04,Lisa Gibbs,E006,Connie Lawrence,West,P019,Kids Frock,2366.0,1.0,2366.0,Cash
B00232,,Mrs. Diane Reyes,E007,Abigail Shaffer,East,P020,Night Suit,2870.0,5.0,14350.0,UPI
B00268,2025/12/07,Dawn Mullins,E005,Cristian Santos,South,P021,Track Pants,1153.0,,2306.0,Debit Card
B00214,22-11-2025,Jenna Larson,E003,Angie Henderson,South,P022,Palazzo,2407.0,3.0,,Credit Card
B00137,2025-11-06,Theodore Jones Jr.,E005,Cristian Santos,South,P009,Designer Lehenga,4263.0,3.0,12789.0,Debit Card
B00136,2025-11-06,James Parks,E007,,East,P016,Sweater,2075.0,1.0,,UPI
B00336,2025/12/25,Jessica Khan,E014,Michele Williams,South,P009,,4263.0,,17052.0,Cash
B00164,2025/11/11,Glen Wood,E011,Monica Herrera,East,P002,,,,5036.0,Debit Card
B00311,,Sarah King,E008,Gina Moore,North,P008,Cotton Saree,855.0,4.0,3420.0,Net Banking
B00087,2025-10-26,Amber Obrien,E012,Jamie Arnold,East,P006,Polo T-Shirt,3317.0,4.0,,Debit Card
B00177,2025-11-12,Scott Williams,E011,Monica Herrera,East,P021,Track Pants,1153.0,3.0,,Credit Card
B00370,,Gregory Peck,E009,Gabrielle Davis,South,P001,Cotton Shirt,1337.0,1.0,1337.0,Cash
B00597,2026-03-01,Heather Page,E014,Michele Williams,South,P012,Dupatta,3600.0,4.0,14400.0,Credit Card
B00024,10-10-2025,Andrew Reynolds,E013,,South,P018,Kids Shorts,875.0,,875.0,Net Banking
B00508,07-02-2026,Randy Friedman,E002,Noah Rhodes,North,P017,Kids T-Shirt,1069.0,,2138.0,Debit Card
B00166,2025-11-11,Anthony Moore,E011,Monica Herrera,East,P028,Waistcoat,1832.0,5.0,9160.0,Credit Card
B00042,2025-10-14,Cynthia Moore,E015,Dylan Miller,East,P001,Cotton Shirt,1337.0,4.0,5348.0,UPI
B00486,,Renee Browning,E012,,East,P003,Denim Jeans,3612.0,3.0,10836.0,Net Banking
B00109,01-11-2025,Charles Shah,E007,,East,P026,Printed Skirt,4214.0,2.0,8428.0,UPI
B00409,13-01-2026,Lisa Perry,E013,Lisa Hensley,South,P012,Dupatta,3600.0,1.0,3600.0,Net Banking
B00057,,Patrick Thornton,E008,Gina Moore,North,P002,Linen Shirt,1259.0,1.0,1259.0,Credit Card
B00209,21-11-2025,Maria Jones,E011,Monica Herrera,East,P001,Cotton Shirt,1337.0,1.0,1337.0,Debit Card
B00600,2026-03-01,Douglas Ryan,E009,Gabrielle Davis,South,P024,Ethnic Gown,3613.0,2.0,7226.0,UPI
B00164,2025/11/11,Glen Wood,E011,Monica Herrera,East,P002,,,,5036.0,Debit Card
B00137,2025-11-06,Theodore Jones Jr.,E005,Cristian Santos,South,P009,Designer Lehenga,4263.0,3.0,12789.0,Debit Card
B00228,2025-11-28,Jeremy Mitchell,E014,Michele Williams,South,P023,Churidar,1327.0,2.0,2654.0,Cash
B00489,02-02-2026,James Watson,E015,Dylan Miller,East,P004,Formal Trousers,1292.0,2.0,2584.0,Cash
B00132,2025-11-05,Kayla Rodriguez,E008,Gina Moore,North,P022,,2407.0,5.0,12035.0,Cash
B00025,2025-10-10,David Davis,E012,Jamie Arnold,East,P019,,2366.0,4.0,,Cash
B00540,14-02-2026,Michael Fuentes,E002,Noah Rhodes,North,P019,Kids Frock,2366.0,2.0,4732.0,Debit Card
B00534,12-02-2026,Michael Henry,E003,,South,P018,Kids Shorts,875.0,5.0,4375.0,Cash
B00211,2025-11-21,Mary Escobar,E007,Abigail Shaffer,East,P011,,1522.0,,1522.0,Cash
B00216,22-11-2025,Robin Santiago,E012,Jamie Arnold,East,P003,Denim Jeans,3612.0,3.0,10836.0,Debit Card
B00111,2025-11-01,Brandy Chavez,E007,Abigail Shaffer,East,P022,Palazzo,2407.0,5.0,12035.0,Credit Card
B00083,2025-10-23,John Young,E002,Noah Rhodes,North,,Churidar,1327.0,4.0,5308.0,UPI
B00052,2025-10-17,Yvonne Burns,E005,Cristian Santos,South,P023,Churidar,1327.0,1.0,1327.0,Credit Card
B00205,2025-11-19,Carrie Wright,E014,Michele Williams,South,P011,Leggings,1522.0,5.0,7610.0,Net Banking
B00544,15-02-2026,Karen Morales DDS,E004,Daniel Wagner,West,,Blazer,1145.0,,,Debit Card
B00438,2026/01/20,Andrew Harper,E013,Lisa Hensley,South,P018,Kids Shorts,875.0,1.0,,Net Banking
B00248,2025-12-03,Kelsey Rodriguez,E013,Lisa Hensley,South,P029,Sherwani,3532.0,4.0,14128.0,Cash
B00219,2025-11-23,Jack White,E007,Abigail Shaffer,East,P001,Cotton Shirt,1337.0,,5348.0,Net Banking
B00019,07-10-2025,Susan Serrano,E004,Daniel Wagner,West,P004,Formal Trousers,,2.0,,Credit Card
B00546,2026-02-15,Heather Woodard,E006,Connie Lawrence,West,P028,Waistcoat,1832.0,2.0,3664.0,UPI
B00495,2026/02/04,Mr. Richard Knight PhD,E005,Cristian Santos,South,P016,,2075.0,5.0,,Net Banking
B00491,04-02-2026,Michael Abbott,E014,Michele Williams,South,P014,Hoodie,2901.0,5.0,,Net Banking
B00062,2025-10-19,Joyce Bowen,E004,Daniel Wagner,West,P026,Printed Skirt,4214.0,,8428.0,Credit Card
B00297,2025-12-15,Michelle Ho,E007,Abigail Shaffer,East,P023,Churidar,1327.0,1.0,1327.0,Debit Card
B00531,2026/02/12,Valerie Taylor,E002,Noah Rhodes,North,P018,Kids Shorts,875.0,1.0,875.0,Cash
B00030,11-10-2025,Kevin Walters,E011,Monica Herrera,East,P008,Cotton Saree,855.0,3.0,,Credit Card
B00539,2026-02-14,Michael Gonzales,E011,,East,P013,,1145.0,4.0,,Debit Card
B00458,2026-01-25,Chelsea Gill,E008,Gina Moore,North,P018,Kids Shorts,875.0,1.0,875.0,Cash
B00550,18-02-2026,Jennifer Goodwin,E006,Connie Lawrence,West,P028,Waistcoat,1832.0,2.0,3664.0,Cash
B00313,2025-12-21,Joseph Shaw,E006,Connie Lawrence,West,P015,Jacket,3462.0,2.0,6924.0,UPI
B00413,15-01-2026,Michael Miller,E013,Lisa Hensley,South,P005,Casual T-Shirt,3440.0,5.0,17200.0,Cash
B00347,29-12-2025,Louis Martin,E010,Ryan Munoz,West,P022,Palazzo,2407.0,1.0,,Credit Card
B00351,2025/12/29,Veronica Silva,E006,Connie Lawrence,West,P015,Jacket,3462.0,5.0,17310.0,Net Banking
B00524,10-02-2026,Charles Turner,E014,Michele Williams,South,P010,Kurti,4892.0,2.0,9784.0,Cash
B00226,27-11-2025,Rhonda Martin,E005,Cristian Santos,South,P002,Linen Shirt,1259.0,4.0,5036.0,UPI
B00213,21-11-2025,Gregory Ponce,E008,,North,P006,Polo T-Shirt,3317.0,2.0,6634.0,Debit Card
B00312,2025-12-20,Krista Martinez,E014,Michele Williams,South,P014,Hoodie,2901.0,2.0,5802.0,Net Banking
B00345,2025-12-28,Gary Wells,E015,Dylan Miller,East,P017,Kids T-Shirt,1069.0,2.0,2138.0,Credit Card
B00176,12-11-2025,Sandra Drake,E011,Monica Herrera,East,P022,Palazzo,2407.0,2.0,4814.0,Debit Card
B00487,2026-02-02,Brent Hernandez,E008,Gina Moore,North,P030,,3410.0,3.0,10230.0,Net Banking
B00216,22-11-2025,Robin Santiago,E012,Jamie Arnold,East,P003,Denim Jeans,3612.0,3.0,10836.0,Debit Card
B00498,2026/02/05,Anthony Jones,E006,Connie Lawrence,West,P020,Night Suit,2870.0,3.0,8610.0,Credit Card
B00424,2026-01-18,Timothy Johnson,E003,Angie Henderson,South,P030,Pathani Suit,,4.0,,Credit Card
B00592,2026/02/28,Kimberly Fritz,E012,Jamie Arnold,East,P021,Track Pants,1153.0,3.0,3459.0,Cash
B00295,2025-12-14,Emma Reed,E003,,South,P020,Night Suit,2870.0,5.0,14350.0,UPI
B00328,2025-12-23,James Gilbert,E001,,South,P010,Kurti,4892.0,3.0,,Cash
B00449,23-01-2026,Emma Butler,E005,Cristian Santos,South,P004,Formal Trousers,1292.0,4.0,5168.0,Net Banking
B00389,2026/01/08,Jennifer Simpson DVM,E002,Noah Rhodes,North,P021,Track Pants,1153.0,4.0,4612.0,Cash
B00105,2025/10/31,Ashley Hall,E003,,South,P021,Track Pants,1153.0,3.0,3459.0,Cash
B00115,2025-11-03,Trevor Johnson,E008,Gina Moore,North,P020,Night Suit,2870.0,5.0,14350.0,Cash
B00281,2025-12-11,Mark Cox,E006,Connie Lawrence,West,P011,Leggings,1522.0,,7610.0,Net Banking
B00175,2025/11/12,James Padilla,E010,Ryan Munoz,West,P027,,3488.0,2.0,6976.0,UPI
B00250,2025-12-04,Riley Bryant,E007,,East,P030,Pathani Suit,3410.0,4.0,,Net Banking
B00251,,Taylor Carlson,E005,,South,,Track Pants,1153.0,2.0,2306.0,Debit Card
B00008,04-10-2025,Joseph Hayes,E010,Ryan Munoz,West,P015,Jacket,3462.0,5.0,,Cash
B00090,2025-10-26,Megan Le,E012,,East,P013,Blazer,1145.0,,,Net Banking
B00514,2026-02-09,Christian Dawson,E004,Daniel Wagner,West,P025,Anarkali Dress,2777.0,1.0,2777.0,Credit Card
B00362,2026-01-02,Daniel Nguyen,E011,,East,P025,Anarkali Dress,2777.0,,13885.0,Net Banking
B00501,07-02-2026,Laurie Goodwin,E011,Monica Herrera,East,P002,Linen Shirt,1259.0,4.0,5036.0,Net Banking
B00355,2025/12/31,Lauren Jackson,E012,Jamie Arnold,East,P004,Formal Trousers,1292.0,3.0,3876.0,UPI
B00139,06-11-2025,Kimberly Nguyen,E010,Ryan Munoz,West,P006,Polo T-Shirt,3317.0,5.0,,Debit Card
B00410,2026-01-14,Kaitlin Medina,E013,Lisa Hensley,South,P016,Sweater,2075.0,2.0,4150.0,Cash
B00141,2025/11/06,Michael Farrell,E003,,South,P009,Designer Lehenga,4263.0,3.0,12789.0,Credit Card
B00036,2025-10-13,Jose Travis,E001,Allison Hill,South,P013,Blazer,1145.0,2.0,2290.0,UPI
B00044,2025/10/15,Susan Murray MD,E008,Gina Moore,North,,Kurti,4892.0,5.0,24460.0,Credit Card
B00043,15-10-2025,Kristen Davis,E008,Gina Moore,North,P017,Kids T-Shirt,,4.0,4276.0,UPI
B00074,2025/10/21,Joseph Knight,E003,Angie Henderson,South,P014,Hoodie,2901.0,3.0,8703.0,Cash
B00168,2025-11-11,Karla Ramos,E004,Daniel Wagner,West,P015,Jacket,3462.0,3.0,10386.0,Credit Card
B00368,04-01-2026,William Evans,E004,Daniel Wagner,West,P003,Denim Jeans,3612.0,5.0,18060.0,UPI
B00590,28-02-2026,Reginald Morrow,E010,Ryan Munoz,West,P005,Casual T-Shirt,3440.0,4.0,13760.0,Credit Card
B00067,20-10-2025,Nathan Malone,E014,Michele Williams,South,P020,Night Suit,2870.0,4.0,11480.0,Net Banking
B00012,2025-10-05,Matthew Moore,E012,Jamie Arnold,East,P009,Designer Lehenga,4263.0,,12789.0,Debit Card
B00334,2025-12-24,Johnny Khan,E010,,West,P020,Night Suit,2870.0,2.0,5740.0,Cash
B00551,18-02-2026,Jessica Smith,E006,Connie Lawrence,West,P013,Blazer,1145.0,4.0,4580.0,Cash
B00245,02-12-2025,Brenda Thornton,E004,,West,P028,Waistcoat,1832.0,1.0,1832.0,Credit Card
B00257,2025/12/05,Jeanette Harrison,E009,Gabrielle Davis,South,P027,Crop Top,3488.0,1.0,3488.0,Cash
B00529,2026/02/11,Manuel Brock,E002,Noah Rhodes,North,P029,Sherwani,3532.0,,17660.0,Debit Card
B00394,2026-01-09,Brian Martin,E008,Gina Moore,North,P013,Blazer,1145.0,3.0,,Cash
B00279,2025-12-10,Heather Bolton,E015,Dylan Miller,East,P005,Casual T-Shirt,,5.0,17200.0,Credit Card
B00029,2025-10-11,Matthew Moon,E011,Monica Herrera,East,P013,Blazer,1145.0,,2290.0,Net Banking
B00178,2025-11-13,Thomas Atkins,E009,Gabrielle Davis,South,P029,Sherwani,3532.0,,,Credit Card
B00431,2026-01-19,Courtney Smith,E002,Noah Rhodes,North,P027,Crop Top,3488.0,2.0,,Debit Card
B00465,26-01-2026,Joseph Howard,E010,Ryan Munoz,West,P028,Waistcoat,1832.0,5.0,9160.0,Debit Card
B00084,2025/10/25,Laura Haney,E010,Ryan Munoz,West,P024,Ethnic Gown,3613.0,5.0,18065.0,Cash
B00429,18-01-2026,Martha Bailey,E013,Lisa Hensley,South,P024,Ethnic Gown,3613.0,2.0,,Net Banking
B00337,2025-12-25,Pamela Diaz,E009,Gabrielle Davis,South,P004,Formal Trousers,1292.0,5.0,6460.0,Debit Card
B00435,2026-01-20,Molly Rodriguez,E004,Daniel Wagner,West,P018,,875.0,1.0,,Net Banking
B00080,22-10-2025,Jeremy Reed,E013,Lisa Hensley,South,P025,Anarkali Dress,2777.0,2.0,5554.0,Debit Card
B00024,10-10-2025,Andrew Reynolds,E013,,South,P018,Kids Shorts,875.0,,875.0,Net Banking
B00016,06-10-2025,Michael Bradshaw,E015,Dylan Miller,East,P024,Ethnic Gown,,4.0,14452.0,Net Banking
B00363,2026-01-02,Kelly Edwards,E005,Cristian Santos,South,P027,Crop Top,3488.0,,6976.0,Credit Card
B00290,2025-12-13,Mr. Justin Green III,E009,,South,,,1259.0,1.0,1259.0,Cash
B00265,2025-12-06,Judith Carter,E008,Gina Moore,North,P022,Palazzo,2407.0,4.0,,UPI
B00520,09-02-2026,Kyle Nguyen,E007,Abigail Shaffer,East,P001,Cotton Shirt,1337.0,,1337.0,Cash
B00301,2025-12-17,Robert Arnold,E003,Angie Henderson,South,P024,Ethnic Gown,3613.0,3.0,10839.0,Debit Card
B00276,10-12-2025,Bobby Guerrero,E004,Daniel Wagner,West,,Printed Skirt,4214.0,2.0,8428.0,Debit Card
B00138,2025/11/06,Ana Hill,E006,Connie Lawrence,West,P019,Kids Frock,2366.0,3.0,7098.0,UPI
B00295,2025-12-14,Emma Reed,E003,,South,P020,Night Suit,2870.0,5.0,14350.0,UPI
B00034,2025-10-13,Krista Gibson,E014,Michele Williams,South,P003,Denim Jeans,3612.0,1.0,3612.0,UPI
B00483,01-02-2026,Mr. Aaron Arnold,E006,Connie Lawrence,West,P022,,2407.0,5.0,12035.0,Cash
B00381,06-01-2026,Randy Smith,E002,Noah Rhodes,North,P021,Track Pants,1153.0,1.0,1153.0,UPI
B00010,2025-10-04,Marc Lynch,E004,Daniel Wagner,West,P010,Kurti,4892.0,4.0,19568.0,Debit Card
B00023,2025-10-07,Kathryn Snyder,E004,Daniel Wagner,West,P008,Cotton Saree,855.0,1.0,855.0,Credit Card
B00291,2025-12-13,Zachary Mitchell,E014,Michele Williams,South,P004,Formal Trousers,1292.0,1.0,1292.0,Net Banking
B00222,2025-11-24,Ashley Wise,E007,Abigail Shaffer,East,P030,Pathani Suit,3410.0,,3410.0,Net Banking
B00517,2026-02-09,Derrick Anderson,E004,Daniel Wagner,West,P028,Waistcoat,1832.0,3.0,5496.0,UPI
B00112,2025/11/02,Natalie Bautista,E009,Gabrielle Davis,South,,Palazzo,2407.0,1.0,,Cash
B00528,2026/02/11,Eric Rush,E001,Allison Hill,South,,,2870.0,3.0,,Debit Card
B00085,2025/10/25,William Barrett,E014,,South,P014,Hoodie,2901.0,3.0,,Credit Card
B00319,2025-12-22,Mark Jimenez,E001,,South,P014,Hoodie,,3.0,8703.0,Net Banking
B00339,2025/12/26,Angel Gordon,E011,Monica Herrera,East,P026,Printed Skirt,,5.0,21070.0,UPI
B00498,2026/02/05,Anthony Jones,E006,Connie Lawrence,West,P020,Night Suit,2870.0,3.0,8610.0,Credit Card
B00320,2025-12-22,Donna Frye,E012,Jamie Arnold,East,P015,Jacket,,5.0,,UPI
B00204,2025-11-19,Gwendolyn Klein,E009,Gabrielle Davis,South,,Crop Top,3488.0,4.0,13952.0,Cash
B00197,18-11-2025,Jesse Brown,E012,Jamie Arnold,East,P009,Designer Lehenga,,5.0,21315.0,UPI
B00321,22-12-2025,Dr. Michael Evans,E009,Gabrielle Davis,South,P023,Churidar,1327.0,3.0,3981.0,UPI
B00094,28-10-2025,Edward Burgess,E009,Gabrielle Davis,South,P008,Cotton Saree,855.0,2.0,1710.0,UPI
B00282,11-12-2025,Meghan Cisneros,E014,Michele Williams,South,P020,Night Suit,2870.0,5.0,14350.0,Net Banking
B00341,2025/12/26,Barbara Hester,E011,Monica Herrera,East,P020,Night Suit,2870.0,1.0,2870.0,Net Banking
B00357,2026/01/01,Michael Johnson,E010,Ryan Munoz,West,P005,,3440.0,1.0,3440.0,Cash
B00026,2025-10-10,Sara Johnston,E012,,East,P020,Night Suit,2870.0,3.0,8610.0,Debit Card
B00029,2025-10-11,Matthew Moon,E011,Monica Herrera,East,P013,Blazer,1145.0,,2290.0,Net Banking
B00185,,Gary Jackson,E014,Michele Williams,South,P005,Casual T-Shirt,3440.0,2.0,6880.0,Cash
B00545,15-02-2026,Melissa Stephens,E011,Monica Herrera,East,P015,Jacket,3462.0,5.0,17310.0,Debit Card
B00293,2025-12-14,Jodi Roach,E001,Allison Hill,South,P006,Polo T-Shirt,,2.0,6634.0,Net Banking
B00179,2025-11-13,Laura Mckinney,E008,Gina Moore,North,P025,Anarkali Dress,2777.0,3.0,8331.0,Net Banking
B00335,2025/12/24,Julie Herrera,E008,Gina Moore,North,P011,Leggings,1522.0,4.0,6088.0,Net Banking
B00154,2025-11-09,Courtney Rodriguez,E007,,East,P004,Formal Trousers,1292.0,3.0,3876.0,UPI
B00076,22-10-2025,Lisa Allen,E009,,South,P013,,1145.0,5.0,,UPI
B00332,2025-12-24,Mr. Alexander Landry MD,E013,,South,P028,Waistcoat,1832.0,4.0,,Net Banking
B00379,06-01-2026,Kiara Little,E007,,East,,Ethnic Gown,3613.0,4.0,14452.0,Cash
B00093,2025-10-27,Kevin Oconnor,E004,Daniel Wagner,West,,Kurti,4892.0,,19568.0,Net Banking
B00382,06-01-2026,Tanya Russell,E003,Angie Henderson,South,P023,Churidar,1327.0,5.0,6635.0,Cash
B00069,2025-10-20,Tammie Bright,E011,Monica Herrera,East,P029,Sherwani,3532.0,1.0,3532.0,Debit Card
B00342,27-12-2025,Robert Morgan,E009,Gabrielle Davis,South,P017,Kids T-Shirt,1069.0,4.0,4276.0,Net Banking
B00361,2026/01/02,Nancy Brown,E010,,West,P002,,1259.0,4.0,5036.0,Credit Card
B00538,14-02-2026,Krista Benton,E011,Monica Herrera,East,P024,Ethnic Gown,3613.0,,10839.0,Net Banking
B00189,2025/11/16,Craig Morrison,E005,Cristian Santos,South,P012,Dupatta,3600.0,5.0,18000.0,Cash
B00237,2025-12-01,Phillip Nelson,E015,Dylan Miller,East,P010,Kurti,4892.0,3.0,14676.0,UPI
B00089,2025-10-26,Heather Fields,E002,Noah Rhodes,North,P002,Linen Shirt,1259.0,1.0,1259.0,Cash
B00571,2026/02/23,Dennis Huffman,E015,,East,P023,Churidar,1327.0,5.0,6635.0,Debit Card
B00118,2025/11/03,Vanessa Howard,E003,Angie Henderson,South,P006,,3317.0,2.0,6634.0,Debit Card
B00502,2026-02-07,Jennifer Jones,E006,,West,P002,Linen Shirt,1259.0,,5036.0,Net Banking
B00555,2026-02-19,Haley Johnson,E007,Abigail Shaffer,East,P016,,,5.0,10375.0,Cash
B00239,2025-12-01,Courtney Hayes,E013,Lisa Hensley,South,,Crop Top,3488.0,,13952.0,Credit Card
B00001,03-10-2025,Shane Andrews MD,E010,,West,P026,Printed Skirt,4214.0,2.0,8428.0,Credit Card
B00321,22-12-2025,Dr. Michael Evans,E009,Gabrielle Davis,South,P023,Churidar,1327.0,3.0,3981.0,UPI
B00272,07-12-2025,Jasmine Beltran,E004,Daniel Wagner,West,P002,Linen Shirt,1259.0,4.0,5036.0,UPI
B00450,2026-01-23,James Webster,E002,Noah Rhodes,North,P004,Formal Trousers,1292.0,2.0,2584.0,Debit Card
B00484,2026-02-01,Joseph Hill,E003,,South,P012,Dupatta,3600.0,3.0,10800.0,UPI
B00117,03-11-2025,Ariana Jennings,E002,,North,P008,Cotton Saree,855.0,4.0,3420.0,Net Banking
B00229,2025-11-28,Joann Ferguson,E015,Dylan Miller,East,P022,Palazzo,2407.0,3.0,7221.0,UPI
B00600,2026-03-01,Douglas Ryan,E009,Gabrielle Davis,South,P024,Ethnic Gown,3613.0,2.0,7226.0,UPI
B00373,2026/01/05,Tina Ballard,E012,Jamie Arnold,East,P008,Cotton Saree,855.0,4.0,,Net Banking
B00418,2026-01-16,Rhonda Chavez,E001,Allison Hill,South,,Crop Top,3488.0,1.0,3488.0,Cash
B00145,2025-11-07,Jeffery Ortega,E003,Angie Henderson,South,P026,Printed Skirt,4214.0,3.0,12642.0,Credit Card
B00364,2026-01-02,Thomas Peterson,E004,,West,P012,Dupatta,3600.0,1.0,3600.0,Credit Card
B00356,01-01-2026,Lisa Randall,E002,Noah Rhodes,North,P023,Churidar,,5.0,6635.0,Credit Card
B00483,01-02-2026,Mr. Aaron Arnold,E006,Connie Lawrence,West,P022,,2407.0,5.0,12035.0,Cash
B00474,2026/01/29,Maria Henry,E003,,South,P008,Cotton Saree,855.0,2.0,,UPI
B00269,2025-12-07,Howard Norman,E002,Noah Rhodes,North,P007,,2666.0,5.0,13330.0,Debit Card
B00440,2026-01-21,David Robinson,E006,Connie Lawrence,West,P011,Leggings,1522.0,5.0,7610.0,Credit Card
B00047,2025/10/15,Mrs. Kristen Reyes,E005,Cristian Santos,South,P026,Printed Skirt,4214.0,1.0,4214.0,Credit Card
B00262,2025-12-05,Robin Thompson,E004,Daniel Wagner,West,P025,,2777.0,1.0,,Credit Card
B00196,17-11-2025,Anthony Romero,E009,Gabrielle Davis,South,P004,Formal Trousers,1292.0,5.0,6460.0,Cash
B00382,06-01-2026,Tanya Russell,E003,Angie Henderson,South,P023,Churidar,1327.0,5.0,6635.0,Cash
B00422,17-01-2026,Amber Cooper,E002,Noah Rhodes,North,P026,Printed Skirt,4214.0,5.0,21070.0,Credit Card
B00108,,Susan Turner,E010,Ryan Munoz,West,P027,,3488.0,3.0,10464.0,Credit Card
B00437,2026-01-20,Alexis Harris,E006,Connie Lawrence,West,P016,Sweater,2075.0,4.0,,Cash
B00500,2026-02-06,Timothy Edwards,E013,Lisa Hensley,South,P024,Ethnic Gown,3613.0,3.0,10839.0,Net Banking
B00568,23-02-2026,Christine Goodwin,E003,Angie Henderson,South,P014,Hoodie,2901.0,2.0,5802.0,Cash
B00101,2025-10-30,Tracy Ballard,E008,,North,P015,Jacket,,,13848.0,Credit Card
B00333,2025-12-24,Cindy Gomez,E006,Connie Lawrence,West,P002,Linen Shirt,1259.0,5.0,6295.0,Debit Card
B00404,2026-01-12,Bryan Parker,E008,Gina Moore,North,,Track Pants,1153.0,4.0,4612.0,Credit Card
B00421,2026/01/16,Robert Reese,E007,Abigail Shaffer,East,P025,Anarkali Dress,2777.0,5.0,13885.0,Debit Card
B00180,2025-11-13,Brian Smith,E006,Connie Lawrence,West,P015,Jacket,3462.0,2.0,6924.0,Net Banking
B00332,2025-12-24,Mr. Alexander Landry MD,E013,,South,P028,Waistcoat,1832.0,4.0,,Net Banking
B00150,2025/11/08,Bryan Gomez,E013,,South,P005,Casual T-Shirt,3440.0,1.0,3440.0,UPI
B00125,2025-11-04,Charles Lester,E006,Connie Lawrence,West,P005,Casual T-Shirt,3440.0,4.0,13760.0,Net Banking
B00537,2026-02-13,Leslie Gardner,E012,,East,P002,Linen Shirt,1259.0,4.0,5036.0,Cash
B00585,2026/02/26,Michael Perry PhD,E010,Ryan Munoz,West,,Cotton Saree,855.0,,,Net Banking
B00186,14-11-2025,Ashley Hicks,E002,Noah Rhodes,North,P008,Cotton Saree,855.0,3.0,2565.0,Cash
B00406,12-01-2026,Emily Wilson,E013,,South,P003,Denim Jeans,3612.0,3.0,10836.0,UPI
B00376,06-01-2026,Dale Ryan,E005,Cristian Santos,South,P019,Kids Frock,2366.0,3.0,7098.0,UPI
B00053,17-10-2025,Joshua Reed,E010,Ryan Munoz,West,,Ethnic Gown,3613.0,3.0,10839.0,Debit Card
B00327,23-12-2025,David Davis,E013,Lisa Hensley,South,P024,Ethnic Gown,,5.0,,Credit Card
B00250,2025-12-04,Riley Bryant,E007,,East,P030,Pathani Suit,3410.0,4.0,,Net Banking
B00143,2025/11/07,Jesse Perez,E006,Connie Lawrence,West,P009,Designer Lehenga,4263.0,3.0,12789.0,Debit Card
B00142,2025-11-06,Patricia Le,E011,Monica Herrera,East,P001,Cotton Shirt,1337.0,3.0,4011.0,Debit Card
B00383,,Sherry Woods,E010,Ryan Munoz,West,P028,,1832.0,1.0,1832.0,Net Banking
B00020,07-10-2025,Christopher Parker,E011,Monica Herrera,East,P026,Printed Skirt,4214.0,2.0,,Net Banking
B00173,,Chad Scott,E002,Noah Rhodes,North,P012,Dupatta,3600.0,2.0,,Credit Card
B00549,17-02-2026,Amanda Terrell,E015,Dylan Miller,East,P023,Churidar,1327.0,,2654.0,UPI
B00013,,Benjamin Smith,E007,Abigail Shaffer,East,P007,,2666.0,,5332.0,Credit Card
B00306,18-12-2025,Penny Bowman,E013,Lisa Hensley,South,P002,Linen Shirt,1259.0,,,Debit Card
B00026,2025-10-10,Sara Johnston,E012,,East,P020,Night Suit,2870.0,3.0,8610.0,Debit Card
B00494,2026/02/04,Adam Jackson,E008,Gina Moore,North,P027,Crop Top,3488.0,,17440.0,Credit Card
B00170,2025/11/12,Douglas Gregory,E002,Noah Rhodes,North,P018,Kids Shorts,875.0,,2625.0,Debit Card
B00453,2026/01/24,Tracy Grant,E013,,South,P002,Linen Shirt,1259.0,5.0,6295.0,Net Banking
B00447,23-01-2026,Lori Simmons,E015,Dylan Miller,East,P006,Polo T-Shirt,3317.0,,13268.0,Debit Card
B00246,2025-12-02,Aaron Miller,E002,Noah Rhodes,North,P014,,2901.0,2.0,5802.0,Credit Card
B00299,2025-12-15,Curtis Taylor,E007,Abigail Shaffer,East,P007,Silk Saree,2666.0,3.0,7998.0,Debit Card
B00412,14-01-2026,Shelley Miller,E007,Abigail Shaffer,East,P007,Silk Saree,2666.0,1.0,2666.0,Credit Card
B00273,2025-12-08,Jonathan Glass MD,E009,,South,P014,Hoodie,2901.0,3.0,8703.0,Net Banking
B00155,09-11-2025,Holly Farmer,E002,Noah Rhodes,North,P018,Kids Shorts,875.0,,1750.0,Net Banking
B00127,04-11-2025,David Thompson,E011,Monica Herrera,East,P017,Kids T-Shirt,1069.0,3.0,,UPI
B00446,2026-01-23,Travis Hobbs,E011,Monica Herrera,East,P002,Linen Shirt,1259.0,1.0,1259.0,Cash
B00288,2025-12-12,Jennifer Banks,E009,Gabrielle Davis,South,P013,Blazer,1145.0,5.0,5725.0,Debit Card
B00114,2025-11-02,Brett Burns,E006,,West,P015,Jacket,3462.0,2.0,6924.0,Net Banking
B00350,29-12-2025,Robert Richardson,E001,Allison Hill,South,P028,Waistcoat,1832.0,,9160.0,Credit Card
B00174,2025/11/12,Adam Burgess,E006,Connie Lawrence,West,P020,Night Suit,2870.0,5.0,14350.0,Credit Card
B00488,02-02-2026,Joseph Ochoa,E010,Ryan Munoz,West,P013,Blazer,1145.0,5.0,5725.0,Debit Card
B00058,2025-10-18,Jasmin Alvarado,E009,,South,P024,Ethnic Gown,3613.0,2.0,7226.0,Debit Card
B00581,2026-02-25,Katherine Taylor,E009,,South,P013,Blazer,1145.0,1.0,1145.0,UPI
B00223,2025-11-26,Sophia Johnson,E006,Connie Lawrence,West,P010,,4892.0,5.0,24460.0,Credit Card
B00281,2025-12-11,Mark Cox,E006,Connie Lawrence,West,P011,Leggings,1522.0,,7610.0,Net Banking
B00018,06-10-2025,Jessica Stephens,E001,Allison Hill,South,P010,Kurti,,5.0,24460.0,Net Banking
B00516,2026-02-09,Aaron Parker,E007,Abigail Shaffer,East,P029,Sherwani,3532.0,5.0,17660.0,Cash
B00323,2025-12-22,Mr. Lawrence Edwards,E005,,South,P004,Formal Trousers,1292.0,5.0,6460.0,UPI
B00256,2025/12/05,Katie Mcneil,E008,Gina Moore,North,,Crop Top,3488.0,1.0,,Credit Card
B00479,2026/01/30,Pamela Gutierrez,E008,Gina Moore,North,P009,,4263.0,3.0,12789.0,Credit Card
B00020,07-10-2025,Christopher Parker,E011,Monica Herrera,East,P026,Printed Skirt,4214.0,2.0,,Net Banking
B00191,16-11-2025,Kathleen Webster,E012,Jamie Arnold,East,P021,Track Pants,1153.0,3.0,3459.0,UPI
B00445,2026-01-23,Connie Turner,E002,Noah Rhodes,North,P018,Kids Shorts,875.0,4.0,3500.0,Cash
B00596,,Patricia Young PhD,E008,Gina Moore,North,,Hoodie,2901.0,,2901.0,UPI
B00353,2025/12/31,John Coffey,E005,Cristian Santos,South,P021,Track Pants,1153.0,3.0,3459.0,Net Banking
B00095,28-10-2025,Carlos Ryan,E008,,North,,Casual T-Shirt,3440.0,5.0,17200.0,UPI
B00181,2025-11-13,Robert Montgomery,E015,Dylan Miller,East,P017,Kids T-Shirt,1069.0,5.0,5345.0,Debit Card
B00302,2025-12-17,Angelica Parker,E006,Connie Lawrence,West,P022,Palazzo,2407.0,5.0,12035.0,UPI
B00405,12-01-2026,Jonathan Jacobson,E013,Lisa Hensley,South,P027,Crop Top,3488.0,2.0,6976.0,Credit Card
B00507,2026-02-07,Jeffrey Roberson,E011,Monica Herrera,East,P014,Hoodie,2901.0,4.0,11604.0,UPI
B00430,2026/01/18,Joshua Rice,E001,Allison Hill,South,P011,Leggings,1522.0,,1522.0,Credit Card
B00427,18-01-2026,Janet Kane DVM,E013,,South,P004,Formal Trousers,1292.0,3.0,3876.0,Cash
B00553,2026-02-19,Laura Griffin,E008,Gina Moore,North,P028,Waistcoat,,4.0,7328.0,Debit Card
B00006,2025-10-03,Xavier Wilson,E010,Ryan Munoz,West,,Kids Shorts,875.0,3.0,2625.0,Net Banking
B00046,2025-10-15,Denise Davenport,E015,,East,,Casual T-Shirt,3440.0,3.0,,Debit Card
B00595,2026-03-01,Robert Gonzales,E012,Jamie Arnold,East,P027,Crop Top,3488.0,5.0,17440.0,Debit Card
B00518,2026-02-09,Jerry Peters,E010,Ryan Munoz,West,P019,,,2.0,4732.0,Net Banking
B00583,2026-02-26,Adam Taylor,E003,Angie Henderson,South,P009,Designer Lehenga,4263.0,4.0,,Net Banking
B00017,06-10-2025,Lori Guerrero,E006,Connie Lawrence,West,P029,Sherwani,3532.0,4.0,14128.0,Net Banking
B00049,16-10-2025,Desiree Tyler,E012,Jamie Arnold,East,P030,Pathani Suit,3410.0,1.0,3410.0,Credit Card
B00025,2025-10-10,David Davis,E012,Jamie Arnold,East,P019,,2366.0,4.0,,Cash
B00082,2025/10/23,Ryan Gonzalez,E006,Connie Lawrence,West,P010,Kurti,4892.0,3.0,14676.0,Cash
B00004,03-10-2025,Benjamin Soto,E004,Daniel Wagner,West,,,3488.0,5.0,17440.0,Debit Card
B00425,2026/01/18,Randy Cannon,E001,Allison Hill,South,P025,Anarkali Dress,2777.0,4.0,,Cash
B00391,09-01-2026,Keith Rodriguez,E003,,South,P024,Ethnic Gown,,4.0,,Cash
B00317,22-12-2025,Angel May,E005,Cristian Santos,South,P011,Leggings,1522.0,2.0,,Cash
B00196,17-11-2025,Anthony Romero,E009,Gabrielle Davis,South,P004,Formal Trousers,1292.0,5.0,6460.0,Cash
B00284,2025-12-11,Austin Osborne,E008,Gina Moore,North,P015,Jacket,3462.0,2.0,,Credit Card
B00580,25-02-2026,Maria Cooke,E010,Ryan Munoz,West,P019,Kids Frock,2366.0,1.0,2366.0,Credit Card
B00286,2025-12-12,Meghan Rush,E005,Cristian Santos,South,P017,Kids T-Shirt,1069.0,2.0,2138.0,UPI
B00582,2026-02-25,Jerry Brown,E015,Dylan Miller,East,P006,Polo T-Shirt,3317.0,2.0,6634.0,Cash
B00226,27-11-2025,Rhonda Martin,E005,Cristian Santos,South,P002,Linen Shirt,1259.0,4.0,5036.0,UPI
B00027,2025/10/10,Yvonne Chambers,E014,Michele Williams,South,P028,Waistcoat,1832.0,5.0,9160.0,Debit Card
B00533,2026-02-12,Vincent Novak,E012,Jamie Arnold,East,,Hoodie,2901.0,3.0,8703.0,UPI
B00264,2025-12-06,Robin Brown,E011,Monica Herrera,East,P012,Dupatta,3600.0,5.0,18000.0,Cash
B00051,2025-10-16,Diane Evans,E007,Abigail Shaffer,East,P004,Formal Trousers,1292.0,2.0,2584.0,UPI
B00365,02-01-2026,Raymond Le,E013,Lisa Hensley,South,P003,Denim Jeans,3612.0,2.0,7224.0,Net Banking
B00230,2025-11-28,Robert Harrison,E001,Allison Hill,South,P003,Denim Jeans,3612.0,,10836.0,UPI
B00038,2025-10-13,Isaiah Avila,E006,Connie Lawrence,West,P011,Leggings,1522.0,,6088.0,Debit Card
B00158,10-11-2025,Allison Hickman,E009,Gabrielle Davis,South,P004,Formal Trousers,1292.0,2.0,2584.0,Cash
B00238,2025-12-01,Brittany Kim,E009,,South,P011,Leggings,1522.0,4.0,6088.0,Debit Card
B00504,2026-02-07,Steven Rivera,E001,Allison Hill,South,P015,Jacket,3462.0,4.0,13848.0,Debit Card
B00375,2026/01/05,Jeremy Scott,E002,Noah Rhodes,North,P012,,3600.0,2.0,7200.0,Credit Card
B00371,05-01-2026,Denise Martinez,E005,Cristian Santos,South,P014,,2901.0,5.0,14505.0,Net Banking
B00176,12-11-2025,Sandra Drake,E011,Monica Herrera,East,P022,Palazzo,2407.0,2.0,4814.0,Debit Card
B00572,2026-02-23,Margaret Harper,E005,Cristian Santos,South,P027,Crop Top,3488.0,,17440.0,Debit Card
B00454,2026/01/24,David Harris,E005,Cristian Santos,South,P025,Anarkali Dress,2777.0,2.0,5554.0,Net Banking
B00195,2025-11-17,Jeremy Turner,E003,Angie Henderson,South,P003,Denim Jeans,3612.0,2.0,7224.0,Credit Card
B00574,2026/02/24,Lisa Cervantes,E008,Gina Moore,North,P004,Formal Trousers,1292.0,,1292.0,Credit Card
B00471,28-01-2026,Jennifer Hernandez,E014,,South,P014,Hoodie,2901.0,2.0,5802.0,UPI
B00033,2025-10-13,Donna Landry,E009,Gabrielle Davis,South,P015,Jacket,3462.0,3.0,10386.0,Net Banking
B00416,15-01-2026,Joseph Wilson,E013,Lisa Hensley,South,P002,Linen Shirt,1259.0,1.0,1259.0,Net Banking
B00580,25-02-2026,Maria Cooke,E010,Ryan Munoz,West,P019,Kids Frock,2366.0,1.0,2366.0,Credit Card
B00068,2025-10-20,Amanda Jones,E006,Connie Lawrence,West,P027,Crop Top,3488.0,1.0,3488.0,Debit Card
B00530,2026-02-12,George Ochoa,E013,Lisa Hensley,South,P007,,2666.0,,10664.0,Credit Card
B00169,2025/11/12,Paul Wilson,E005,Cristian Santos,South,P012,Dupatta,3600.0,2.0,7200.0,Net Banking
B00423,2026-01-17,Zachary Michael,E003,,South,,Track Pants,,,3459.0,Credit Card
B00163,2025/11/11,Paul Lewis,E002,Noah Rhodes,North,P018,Kids Shorts,875.0,5.0,4375.0,Net Banking
B00310,20-12-2025,Hannah Everett,E006,Connie Lawrence,West,P025,Anarkali Dress,2777.0,3.0,8331.0,Net Banking
B00194,2025/11/17,Lori Hernandez,E001,Allison Hill,South,,Kids Shorts,875.0,2.0,1750.0,Debit Card
B00452,24-01-2026,Renee Melendez,E001,Allison Hill,South,P024,Ethnic Gown,3613.0,2.0,7226.0,UPI
B00366,03-01-2026,Melissa Bishop,E013,Lisa Hensley,South,P013,Blazer,1145.0,1.0,1145.0,Net Banking
B00384,2026-01-07,Victor Morris,E015,Dylan Miller,East,P014,,2901.0,5.0,,Debit Card
B00041,2025-10-14,Barbara Dudley,E009,Gabrielle Davis,South,P030,Pathani Suit,3410.0,,6820.0,Net Banking
B00480,2026/01/31,Crystal Mann,E007,,East,P021,Track Pants,1153.0,5.0,5765.0,Net Banking
B00153,2025/11/09,Kenneth Lewis,E004,,West,,Cotton Saree,855.0,2.0,1710.0,Credit Card
B00426,2026-01-18,Maria Fisher,E012,Jamie Arnold,East,P026,Printed Skirt,4214.0,5.0,21070.0,Cash
B00438,2026/01/20,Andrew Harper,E013,Lisa Hensley,South,P018,Kids Shorts,875.0,1.0,,Net Banking
B00227,27-11-2025,Jason Rhodes,E009,Gabrielle Davis,South,P026,Printed Skirt,4214.0,4.0,16856.0,Net Banking
B00432,2026-01-19,Edwin Nunez,E012,Jamie Arnold,East,P007,Silk Saree,2666.0,3.0,7998.0,Net Banking
B00543,15-02-2026,Rachel Jones,E012,,East,P020,Night Suit,2870.0,4.0,11480.0,Debit Card
B00104,2025-10-31,Lauren Carson,E002,Noah Rhodes,North,P011,,1522.0,4.0,6088.0,UPI
B00513,2026-02-08,Rebecca Marquez,E004,Daniel Wagner,West,P027,Crop Top,3488.0,3.0,,UPI
B00075,,Carolyn Miller,E001,Allison Hill,South,P017,Kids T-Shirt,1069.0,3.0,3207.0,Net Banking
B00116,03-11-2025,Jeremy Sampson,E004,Daniel Wagner,West,P006,Polo T-Shirt,3317.0,3.0,,Debit Card
B00408,2026/01/13,Casey Hernandez,E005,Cristian Santos,South,P010,Kurti,4892.0,5.0,24460.0,Debit Card
B00188,16-11-2025,Robin Young,E015,Dylan Miller,East,P011,Leggings,1522.0,1.0,,UPI
B00120,2025-11-03,Jordan Bates,E013,Lisa Hensley,South,P024,Ethnic Gown,3613.0,,10839.0,UPI
B00230,2025-11-28,Robert Harrison,E001,Allison Hill,South,P003,Denim Jeans,3612.0,,10836.0,UPI
B00152,09-11-2025,Tracy Burke,E001,Allison Hill,South,P013,Blazer,1145.0,3.0,3435.0,Debit Card
B00404,2026-01-12,Bryan Parker,E008,Gina Moore,North,,Track Pants,1153.0,4.0,4612.0,Credit Card
B00325,23-12-2025,Bianca Wood,E006,,West,P030,Pathani Suit,3410.0,5.0,,UPI
B00208,2025-11-20,George Harper,E013,Lisa Hensley,South,,Denim Jeans,,5.0,18060.0,Credit Card
B00433,19-01-2026,Kim Morrow,E012,Jamie Arnold,East,P025,Anarkali Dress,2777.0,4.0,11108.0,Debit Card
B00557,2026/02/20,Todd Thomas,E015,Dylan Miller,East,P006,Polo T-Shirt,3317.0,,16585.0,Credit Card
B00466,27-01-2026,Jose Crawford,E001,Allison Hill,South,P016,Sweater,2075.0,1.0,2075.0,Debit Card
B00523,2026-02-10,Laura Jackson,E003,Angie Henderson,South,P003,Denim Jeans,3612.0,,,Net Banking
B00009,2025/10/04,Scott Branch,E007,Abigail Shaffer,East,P026,Printed Skirt,4214.0,1.0,4214.0,Net Banking
B00589,2026/02/27,Krista Wilson,E009,Gabrielle Davis,South,P009,Designer Lehenga,4263.0,1.0,4263.0,Debit Card
B00037,2025-10-13,Kimberly Gutierrez,E011,Monica Herrera,East,P030,Pathani Suit,3410.0,1.0,3410.0,Cash
B00140,06-11-2025,Kerry Chavez DDS,E006,Connie Lawrence,West,P019,Kids Frock,2366.0,1.0,2366.0,Debit Card
B00254,2025-12-05,Jason Beck,E008,Gina Moore,North,P005,Casual T-Shirt,3440.0,,,UPI
B00304,2025-12-17,William Day,E014,Michele Williams,South,P019,Kids Frock,2366.0,,,UPI
B00504,2026-02-07,Steven Rivera,E001,Allison Hill,South,P015,Jacket,3462.0,4.0,13848.0,Debit Card
B00512,2026-02-08,Mary Miller,E007,Abigail Shaffer,East,P022,,2407.0,5.0,,Cash
B00369,2026-01-04,Daniel Bush,E014,Michele Williams,South,P017,Kids T-Shirt,1069.0,4.0,4276.0,Net Banking
B00060,2025-10-19,Jonathan Lawrence,E005,Cristian Santos,South,P019,Kids Frock,2366.0,5.0,11830.0,Credit Card
B00112,2025/11/02,Natalie Bautista,E009,Gabrielle Davis,South,,Palazzo,2407.0,1.0,,Cash
B00463,26-01-2026,Larry Harris,E005,Cristian Santos,South,P014,Hoodie,2901.0,4.0,11604.0,Cash
B00249,2025/12/04,Eric Williams,E002,Noah Rhodes,North,P018,Kids Shorts,875.0,3.0,2625.0,UPI
B00501,07-02-2026,Laurie Goodwin,E011,Monica Herrera,East,P002,Linen Shirt,1259.0,4.0,5036.0,Net Banking
B00263,,Julie Dominguez,E014,Michele Williams,South,P029,Sherwani,3532.0,1.0,3532.0,UPI
B00568,23-02-2026,Christine Goodwin,E003,Angie Henderson,South,P014,Hoodie,2901.0,2.0,5802.0,Cash
B00298,2025/12/15,Rebecca Hicks,E002,Noah Rhodes,North,P022,Palazzo,2407.0,1.0,,Net Banking
B00415,2026/01/15,Laura Hernandez,E002,Noah Rhodes,North,P011,Leggings,1522.0,5.0,7610.0,Cash
B00151,,Nicole Parrish,E001,Allison Hill,South,P024,Ethnic Gown,3613.0,2.0,7226.0,Net Banking
B00434,20-01-2026,Gregory Hill,E005,Cristian Santos,South,P022,Palazzo,2407.0,2.0,4814.0,Cash
B00441,2026-01-22,Amy Gordon,E009,Gabrielle Davis,South,P028,Waistcoat,1832.0,4.0,7328.0,Debit Card
B00267,2025/12/07,Kaylee Hays,E004,Daniel Wagner,West,P012,Dupatta,3600.0,4.0,14400.0,Credit Card
B00587,2026-02-27,Donald Medina,E002,Noah Rhodes,North,P015,Jacket,3462.0,2.0,,Net Banking
B00360,02-01-2026,Reginald Knapp,E013,Lisa Hensley,South,P024,Ethnic Gown,3613.0,,,Debit Card
B00599,2026-03-01,Daniel Brown,E015,,East,P001,Cotton Shirt,1337.0,4.0,5348.0,Debit Card
B00039,13-10-2025,Olivia Harris,E013,Lisa Hensley,South,P022,Palazzo,2407.0,5.0,12035.0,Debit Card
B00128,2025-11-04,Allison Smith,E014,Michele Williams,South,P009,Designer Lehenga,4263.0,,17052.0,Cash
B00424,2026-01-18,Timothy Johnson,E003,Angie Henderson,South,P030,Pathani Suit,,4.0,,Credit Card
B00417,2026-01-15,Kevin Davis,E009,Gabrielle Davis,South,P022,Palazzo,2407.0,2.0,4814.0,UPI
B00308,2025-12-19,Amy Martinez,E011,Monica Herrera,East,P016,Sweater,2075.0,3.0,6225.0,Net Banking
B00199,2025-11-18,Lisa Hunter,E013,Lisa Hensley,South,P002,Linen Shirt,1259.0,2.0,2518.0,Cash
B00352,2025-12-30,Molly Watts,E013,,South,P003,Denim Jeans,3612.0,1.0,3612.0,UPI
B00468,2026/01/28,Suzanne Wood,E013,Lisa Hensley,South,P011,Leggings,1522.0,5.0,7610.0,Net Banking
B00147,2025-11-08,Ronald Davis,E002,Noah Rhodes,North,P023,Churidar,1327.0,5.0,,Credit Card
B00451,2026-01-23,Samuel Turner,E002,Noah Rhodes,North,P006,Polo T-Shirt,3317.0,4.0,13268.0,Net Banking
B00467,2026-01-27,William Harrison,E010,Ryan Munoz,West,P028,,1832.0,5.0,9160.0,Net Banking
B00475,2026-01-29,Robert Jackson,E013,Lisa Hensley,South,P024,Ethnic Gown,,,7226.0,Debit Card
B00420,16-01-2026,Robert Cummings,E005,Cristian Santos,South,P014,Hoodie,2901.0,5.0,14505.0,Net Banking
B00443,,Kyle Chambers,E006,Connie Lawrence,West,P002,Linen Shirt,1259.0,,3777.0,Credit Card
B00429,18-01-2026,Martha Bailey,E013,Lisa Hensley,South,P024,Ethnic Gown,3613.0,2.0,,Net Banking
B00148,08-11-2025,Parker Cain,E011,Monica Herrera,East,P001,Cotton Shirt,1337.0,1.0,1337.0,Debit Card
B00532,2026/02/12,Travis Harris,E009,Gabrielle Davis,South,,,3317.0,3.0,9951.0,Net Banking
B00349,2025-12-29,Kim Erickson,E015,Dylan Miller,East,P011,Leggings,1522.0,2.0,3044.0,Credit Card
B00464,26-01-2026,Kristen Rowe,E013,Lisa Hensley,South,P016,,2075.0,5.0,10375.0,UPI
B00326,2025/12/23,Emma Owens,E002,Noah Rhodes,North,P021,Track Pants,,3.0,3459.0,Cash
B00187,,Hannah Luna,E011,Monica Herrera,East,,Kurti,4892.0,1.0,4892.0,Net Banking
B00124,2025/11/04,Daniel Kane,E013,Lisa Hensley,South,P024,Ethnic Gown,3613.0,2.0,7226.0,UPI
B00573,2026-02-24,Laurie Bailey,E012,Jamie Arnold,East,P002,Linen Shirt,1259.0,2.0,2518.0,Debit Card
B00097,2025-10-29,Dawn Summers,E015,Dylan Miller,East,P002,,1259.0,1.0,1259.0,Cash
B00144,2025-11-07,Jesse Perry,E015,Dylan Miller,East,P026,Printed Skirt,4214.0,2.0,8428.0,Cash
B00240,2025-12-01,Alexander Brown,E011,Monica Herrera,East,P011,Leggings,,4.0,6088.0,Cash
B00395,10-01-2026,David Lopez,E015,Dylan Miller,East,P007,Silk Saree,2666.0,1.0,2666.0,Debit Card
B00470,2026-01-28,Dean Donovan,E007,,East,P028,Waistcoat,1832.0,3.0,5496.0,Cash
B00496,2026-02-05,Joseph Williams,E015,Dylan Miller,East,P007,Silk Saree,2666.0,4.0,10664.0,UPI
B00098,2025-10-29,Dr. Paul Morgan,E006,Connie Lawrence,West,P002,Linen Shirt,1259.0,4.0,5036.0,Debit Card
B00372,05-01-2026,Jamie Baird,E005,Cristian Santos,South,P019,Kids Frock,2366.0,4.0,,Cash
B00325,23-12-2025,Bianca Wood,E006,,West,P030,Pathani Suit,3410.0,5.0,,UPI
B00280,2025-12-10,William Gould,E010,Ryan Munoz,West,P005,Casual T-Shirt,3440.0,,3440.0,Debit Card
B00294,,Brandon Fleming,E015,Dylan Miller,East,P003,Denim Jeans,3612.0,4.0,14448.0,Net Banking
B00255,05-12-2025,William Jones,E014,Michele Williams,South,P020,Night Suit,2870.0,1.0,2870.0,Credit Card
B00401,11-01-2026,David Molina,E015,,East,P028,Waistcoat,1832.0,5.0,9160.0,Cash
B00123,04-11-2025,Andrea Hubbard,E014,Michele Williams,South,P017,Kids T-Shirt,1069.0,,2138.0,Net Banking
B00184,2025-11-13,Jennifer Collins,E010,Ryan Munoz,West,P028,Waistcoat,1832.0,2.0,3664.0,Net Banking
B00203,,Antonio Garcia,E011,Monica Herrera,East,P015,,3462.0,4.0,13848.0,Debit Card
B00439,2026-01-21,Amber Yang,E014,Michele Williams,South,P007,Silk Saree,2666.0,2.0,5332.0,UPI
B00324,2025/12/22,Morgan Valencia,E003,Angie Henderson,South,P004,Formal Trousers,1292.0,2.0,2584.0,Cash
B00247,03-12-2025,Ruben Dunn,E010,Ryan Munoz,West,P016,,2075.0,2.0,4150.0,Net Banking
B00416,15-01-2026,Joseph Wilson,E013,Lisa Hensley,South,P002,Linen Shirt,1259.0,1.0,1259.0,Net Banking
B00198,2025-11-18,Angela Lin,E015,Dylan Miller,East,P024,Ethnic Gown,3613.0,4.0,14452.0,Debit Card
B00083,2025-10-23,John Young,E002,Noah Rhodes,North,,Churidar,1327.0,4.0,5308.0,UPI
B00564,2026-02-22,Tina Hall,E014,Michele Williams,South,P029,Sherwani,3532.0,2.0,7064.0,UPI
B00172,2025/11/12,Aimee Turner,E003,Angie Henderson,South,P008,Cotton Saree,855.0,3.0,,Debit Card
B00598,01-03-2026,Carol Taylor,E013,Lisa Hensley,South,P001,Cotton Shirt,1337.0,4.0,5348.0,Cash
B00238,2025-12-01,Brittany Kim,E009,,South,P011,Leggings,1522.0,4.0,6088.0,Debit Card
B00126,2025/11/04,Scott Thomas,E013,Lisa Hensley,South,P023,Churidar,1327.0,4.0,5308.0,Debit Card
B00403,12-01-2026,Matthew Schwartz,E012,Jamie Arnold,East,P002,Linen Shirt,1259.0,3.0,3777.0,UPI
B00535,2026-02-12,Dana Bennett,E006,Connie Lawrence,West,,Sweater,2075.0,4.0,8300.0,Net Banking
B00527,,Linda Gonzalez,E001,Allison Hill,South,P021,Track Pants,1153.0,,1153.0,Net Banking
B00224,,Ralph Anderson,E003,,South,P005,Casual T-Shirt,3440.0,4.0,13760.0,Cash
B00558,20-02-2026,Jesse Clark,E010,Ryan Munoz,West,P005,Casual T-Shirt,,5.0,17200.0,Net Banking
B00343,2025-12-28,Nicole Gonzalez,E013,Lisa Hensley,South,P019,Kids Frock,2366.0,3.0,7098.0,UPI
B00054,18-10-2025,Kimberly Gibson,E001,Allison Hill,South,P026,,4214.0,5.0,21070.0,Credit Card
B00220,2025-11-24,Travis Tucker,E010,,West,P011,Leggings,1522.0,5.0,7610.0,Cash
B00130,05-11-2025,Anthony Harmon,E010,Ryan Munoz,West,,Casual T-Shirt,3440.0,2.0,6880.0,Net Banking
B00572,2026-02-23,Margaret Harper,E005,Cristian Santos,South,P027,Crop Top,3488.0,,17440.0,Debit Card
B00515,2026/02/09,Nancy Stewart,E013,,South,P020,Night Suit,2870.0,,14350.0,Cash
B00367,03-01-2026,David Grant,E005,Cristian Santos,South,P022,,2407.0,4.0,9628.0,Credit Card
B00522,2026/02/10,Steven Stein,E007,,East,,Sherwani,3532.0,3.0,10596.0,UPI
B00387,08-01-2026,Susan Thompson,E002,Noah Rhodes,North,P012,Dupatta,3600.0,5.0,18000.0,Net Banking
B00518,2026-02-09,Jerry Peters,E010,Ryan Munoz,West,P019,,,2.0,4732.0,Net Banking
B00510,,Willie Henry,E008,Gina Moore,North,P027,Crop Top,3488.0,,17440.0,Debit Card
B00268,2025/12/07,Dawn Mullins,E005,Cristian Santos,South,P021,Track Pants,1153.0,,2306.0,Debit Card
B00442,2026/01/22,Robert Dennis,E015,Dylan Miller,East,,Track Pants,,4.0,,UPI
B00497,2026/02/05,Sean Clay,E004,Daniel Wagner,West,P015,Jacket,3462.0,1.0,3462.0,Net Banking
B00113,2025/11/02,Patrick Moore,E013,Lisa Hensley,South,P019,Kids Frock,2366.0,5.0,11830.0,Credit Card
B00233,2025-11-29,Tracy Montoya,E003,Angie Henderson,South,P026,Printed Skirt,4214.0,,12642.0,Credit Card
B00586,2026-02-27,Bradley Johnson DDS,E002,,North,P020,Night Suit,2870.0,,,UPI
B00374,2026/01/05,Dwayne Klein,E006,Connie Lawrence,West,P021,Track Pants,1153.0,5.0,5765.0,Cash
B00234,2025/11/29,Brenda Wright,E007,,East,P007,Silk Saree,2666.0,5.0,13330.0,UPI
B00536,13-02-2026,Jenna Wilson,E006,,West,P008,Cotton Saree,855.0,2.0,,Credit Card
B00318,22-12-2025,Marilyn Wang,E003,Angie Henderson,South,P005,,3440.0,2.0,6880.0,Cash
B00411,2026-01-14,Colleen Wright,E003,Angie Henderson,South,P028,Waistcoat,1832.0,4.0,7328.0,Cash
B00184,2025-11-13,Jennifer Collins,E010,Ryan Munoz,West,P028,Waistcoat,1832.0,2.0,3664.0,Net Banking
B00359,2026/01/01,Christian Vaughn,E009,Gabrielle Davis,South,P016,Sweater,2075.0,2.0,4150.0,Credit Card
B00259,2025-12-05,Richard Cooper,E013,Lisa Hensley,South,,Printed Skirt,4214.0,2.0,8428.0,Net Banking
B00283,2025-12-11,Lawrence Harrington,E004,Daniel Wagner,West,P018,Kids Shorts,875.0,4.0,3500.0,Debit Card
B00377,2026-01-06,Melissa Taylor,E005,Cristian Santos,South,P004,,1292.0,5.0,6460.0,Net Banking
B00385,2026-01-07,Susan Davis,E014,Michele Williams,South,P007,Silk Saree,2666.0,3.0,7998.0,Net Banking
B00225,27-11-2025,Christopher Guerra,E002,Noah Rhodes,North,P015,Jacket,3462.0,1.0,3462.0,Net Banking
B00462,26-01-2026,Zachary Mendoza,E015,Dylan Miller,East,P025,Anarkali Dress,2777.0,,8331.0,Debit Card
B00552,2026/02/18,Jorge Stone,E007,Abigail Shaffer,East,P013,Blazer,1145.0,5.0,5725.0,UPI
B00473,2026-01-29,Mr. Michael Scott PhD,E005,Cristian Santos,South,P025,Anarkali Dress,2777.0,1.0,2777.0,Net Banking
B00348,29-12-2025,Nancy Evans MD,E010,Ryan Munoz,West,,Designer Lehenga,4263.0,2.0,8526.0,Net Banking
B00506,2026-02-07,Kathryn Mccann,E010,Ryan Munoz,West,P005,Casual T-Shirt,3440.0,1.0,3440.0,Debit Card
B00311,,Sarah King,E008,Gina Moore,North,P008,Cotton Saree,855.0,4.0,3420.0,Net Banking
B00346,2025-12-29,Larry Robertson,E015,Dylan Miller,East,P013,Blazer,1145.0,1.0,1145.0,Debit Card
B00575,24-02-2026,Elizabeth Mendez,E015,Dylan Miller,East,P016,Sweater,2075.0,5.0,10375.0,UPI
B00086,25-10-2025,Keith Jennings,E006,Connie Lawrence,West,P008,Cotton Saree,855.0,5.0,4275.0,Cash
B00243,2025/12/02,Marie Moody,E009,Gabrielle Davis,South,P008,Cotton Saree,855.0,3.0,2565.0,Credit Card
B00160,11-11-2025,Ellen Morgan,E014,Michele Williams,South,P014,,2901.0,5.0,14505.0,Debit Card
B00525,,Arthur Hamilton MD,E014,Michele Williams,South,P023,Churidar,1327.0,4.0,5308.0,Cash
B00036,2025-10-13,Jose Travis,E001,Allison Hill,South,P013,Blazer,1145.0,2.0,2290.0,UPI
B00541,14-02-2026,Jennifer Porter,E005,Cristian Santos,South,,Casual T-Shirt,3440.0,5.0,17200.0,Cash
B00171,2025-11-12,Mr. Andrew Foster,E007,Abigail Shaffer,East,P017,Kids T-Shirt,1069.0,1.0,,Credit Card
B00577,2026-02-24,Clayton Steele,E008,,North,P005,Casual T-Shirt,3440.0,,3440.0,Debit Card
B00569,23-02-2026,Amy Garcia,E006,Connie Lawrence,West,P027,Crop Top,3488.0,,10464.0,Credit Card
B00071,2025-10-21,Shelia Wallace,E008,Gina Moore,North,P016,Sweater,2075.0,4.0,8300.0,Debit Card
B00096,2025/10/28,Kiara Mcintyre,E013,Lisa Hensley,South,P023,Churidar,1327.0,,3981.0,Net Banking
B00241,2025/12/01,Cynthia Vang,E003,Angie Henderson,South,P030,Pathani Suit,3410.0,5.0,17050.0,Credit Card
B00461,2026/01/25,Timothy Hayden,E014,Michele Williams,South,P014,Hoodie,2901.0,2.0,5802.0,UPI
B00554,19-02-2026,Raymond Chapman,E004,Daniel Wagner,West,,Jacket,3462.0,1.0,,Net Banking
B00591,2026-02-28,Rodney Williams,E003,Angie Henderson,South,P014,Hoodie,2901.0,5.0,,Debit Card
B00207,2025-11-19,Jake Campbell,E013,Lisa Hensley,South,P006,Polo T-Shirt,3317.0,2.0,6634.0,Cash
B00393,2026-01-09,Todd Rosales MD,E002,Noah Rhodes,North,P002,Linen Shirt,1259.0,,5036.0,Cash
B00398,2026-01-11,Samantha Robertson,E006,Connie Lawrence,West,P001,Cotton Shirt,1337.0,,,Cash
B00570,23-02-2026,Chelsea Nguyen,E007,Abigail Shaffer,East,,Ethnic Gown,3613.0,,7226.0,Net Banking
B00218,23-11-2025,Maria Henderson,E010,Ryan Munoz,West,P019,Kids Frock,2366.0,,11830.0,Debit Card
B00005,03-10-2025,Chase Hart,E002,Noah Rhodes,North,P029,Sherwani,3532.0,,17660.0,Net Banking
B00378,2026-01-06,Laurie Sanchez,E012,Jamie Arnold,East,P001,Cotton Shirt,1337.0,3.0,4011.0,Debit Card
B00547,15-02-2026,Margaret Miller,E013,Lisa Hensley,South,P011,Leggings,1522.0,4.0,6088.0,Debit Card
B00099,2025-10-29,Victor Taylor,E006,,West,P009,Designer Lehenga,4263.0,5.0,21315.0,UPI
B00407,12-01-2026,Elizabeth Mendez,E001,Allison Hill,South,P030,Pathani Suit,3410.0,5.0,17050.0,Net Banking
B00503,2026-02-07,David Davenport,E010,Ryan Munoz,West,P025,Anarkali Dress,,4.0,11108.0,UPI
B00048,15-10-2025,Katie Suarez,E008,Gina Moore,North,P011,Leggings,1522.0,1.0,1522.0,UPI
B00033,2025-10-13,Donna Landry,E009,Gabrielle Davis,South,P015,Jacket,3462.0,3.0,10386.0,Net Banking
B00201,2025/11/18,Joanna Pacheco,E011,Monica Herrera,East,,Dupatta,3600.0,4.0,,Debit Card
B00135,05-11-2025,Victor Brown,E004,Daniel Wagner,West,P028,Waistcoat,1832.0,5.0,9160.0,Debit Card
B00028,2025-10-11,Andrew Avila,E012,Jamie Arnold,East,P028,Waistcoat,1832.0,2.0,3664.0,UPI
B00593,01-03-2026,Ronald Potter,E009,,South,P005,Casual T-Shirt,,4.0,13760.0,UPI
B00231,2025-11-28,Holly Valentine,E002,Noah Rhodes,North,P029,Sherwani,3532.0,5.0,17660.0,Debit Card
B00490,2026-02-03,Karl Branch,E015,Dylan Miller,East,P027,Crop Top,3488.0,4.0,13952.0,Cash
B00379,06-01-2026,Kiara Little,E007,,East,,Ethnic Gown,3613.0,4.0,14452.0,Cash
B00289,2025-12-12,Brian Fitzgerald,E015,Dylan Miller,East,P015,Jacket,3462.0,,6924.0,Cash
B00419,16-01-2026,Joyce Brown,E007,Abigail Shaffer,East,P019,Kids Frock,,4.0,9464.0,Debit Card
B00392,2026-01-09,Mrs. Virginia Daniels,E015,Dylan Miller,East,P006,Polo T-Shirt,3317.0,,16585.0,Debit Card
B00499,2026-02-06,Stephanie Elliott,E013,Lisa Hensley,South,P016,Sweater,2075.0,4.0,8300.0,Cash
B00139,06-11-2025,Kimberly Nguyen,E010,Ryan Munoz,West,P006,Polo T-Shirt,3317.0,5.0,,Debit Card
B00063,2025/10/19,Matthew Moore,E003,Angie Henderson,South,P015,Jacket,3462.0,5.0,17310.0,Credit Card
B00472,28-01-2026,James Whitaker,E001,Allison Hill,South,P006,Polo T-Shirt,3317.0,,13268.0,Credit Card
B00129,04-11-2025,Cynthia Morris,E011,Monica Herrera,East,P003,Denim Jeans,,3.0,10836.0,Debit Card
B00411,2026-01-14,Colleen Wright,E003,Angie Henderson,South,P028,Waistcoat,1832.0,4.0,7328.0,Cash
B00521,10-02-2026,Edgar Hughes,E013,Lisa Hensley,South,P014,Hoodie,2901.0,3.0,8703.0,UPI
B00065,2025-10-19,Marie Christian,E009,Gabrielle Davis,South,,Blazer,1145.0,,5725.0,Credit Card
B00015,06-10-2025,Michael Warner,E002,Noah Rhodes,North,P001,Cotton Shirt,1337.0,,1337.0,UPI
B00157,2025-11-09,Sabrina Austin,E004,Daniel Wagner,West,P022,Palazzo,,2.0,4814.0,Debit Card
B00041,2025-10-14,Barbara Dudley,E009,Gabrielle Davis,South,P030,Pathani Suit,3410.0,,6820.0,Net Banking
B00493,04-02-2026,James Tran,E008,Gina Moore,North,P003,Denim Jeans,3612.0,2.0,7224.0,Net Banking
B00380,2026-01-06,Jason Love,E010,Ryan Munoz,West,P003,Denim Jeans,3612.0,,18060.0,Credit Card
B00188,16-11-2025,Robin Young,E015,Dylan Miller,East,P011,Leggings,1522.0,1.0,,UPI
B00217,22-11-2025,Nancy Jennings,E002,Noah Rhodes,North,P001,Cotton Shirt,1337.0,5.0,6685.0,UPI
B00053,17-10-2025,Joshua Reed,E010,Ryan Munoz,West,,Ethnic Gown,3613.0,3.0,10839.0,Debit Card
B00338,2025/12/25,Kelly Lee,E002,Noah Rhodes,North,P017,Kids T-Shirt,1069.0,3.0,3207.0,Credit Card
B00296,14-12-2025,Joshua Vance,E011,Monica Herrera,East,P015,Jacket,3462.0,1.0,3462.0,Cash
B00252,2025/12/04,Jose Allen,E011,Monica Herrera,East,P006,Polo T-Shirt,3317.0,5.0,16585.0,Cash
B00462,26-01-2026,Zachary Mendoza,E015,Dylan Miller,East,P025,Anarkali Dress,2777.0,,8331.0,Debit Card
B00456,25-01-2026,Nathaniel Lee,E008,Gina Moore,North,P027,Crop Top,3488.0,,3488.0,Net Banking
B00320,2025-12-22,Donna Frye,E012,Jamie Arnold,East,P015,Jacket,,5.0,,UPI
B00270,2025/12/07,Evelyn Martinez,E004,Daniel Wagner,West,P028,,,3.0,5496.0,UPI
B00202,19-11-2025,Erica Alvarez,E009,Gabrielle Davis,South,P030,Pathani Suit,3410.0,,,Credit Card
B00162,2025-11-11,Charles Schultz,E006,Connie Lawrence,West,P001,Cotton Shirt,1337.0,5.0,6685.0,Cash
B00556,2026/02/19,Jason Nixon,E009,Gabrielle Davis,South,P005,,3440.0,4.0,13760.0,UPI
B00402,11-01-2026,Elizabeth Sharp,E004,Daniel Wagner,West,P007,Silk Saree,2666.0,4.0,10664.0,Net Banking
B00477,2026/01/30,Maria Brown,E010,Ryan Munoz,West,P001,Cotton Shirt,1337.0,1.0,,UPI
B00106,2025-10-31,Stephen Hoffman,E011,Monica Herrera,East,P006,Polo T-Shirt,3317.0,1.0,3317.0,Cash
B00566,2026/02/22,Allen Mendez,E012,Jamie Arnold,East,P013,Blazer,1145.0,2.0,2290.0,Credit Card
B00390,2026-01-08,Tammy Mcdowell,E001,Allison Hill,South,P008,Cotton Saree,855.0,2.0,1710.0,UPI
B00002,2025/10/03,Cody Williams,E001,,South,P005,Casual T-Shirt,3440.0,5.0,17200.0,Net Banking
B00509,2026-02-07,Raymond Johnson,E014,Michele Williams,South,P022,Palazzo,2407.0,4.0,9628.0,Debit Card
B00562,2026-02-21,Carly Riggs,E001,Allison Hill,South,P012,Dupatta,3600.0,,3600.0,Net Banking
B00081,2025-10-23,Margaret Coleman,E005,Cristian Santos,South,P024,,3613.0,3.0,10839.0,Debit Card
B00206,2025-11-19,Jeffrey Mills,E010,,West,P026,Printed Skirt,4214.0,5.0,21070.0,Credit Card
B00035,2025-10-13,Frank Cordova,E009,,South,P010,Kurti,4892.0,1.0,4892.0,Cash
B00509,2026-02-07,Raymond Johnson,E014,Michele Williams,South,P022,Palazzo,2407.0,4.0,9628.0,Debit Card
B00428,2026-01-18,Michael Stanley,E007,Abigail Shaffer,East,P012,Dupatta,3600.0,2.0,7200.0,Cash
B00455,2026/01/25,Tammy Boone,E005,Cristian Santos,South,P006,Polo T-Shirt,3317.0,1.0,,Credit Card
B00367,03-01-2026,David Grant,E005,Cristian Santos,South,P022,,2407.0,4.0,9628.0,Credit Card
B00092,2025/10/27,Maria Parker,E003,Angie Henderson,South,P001,Cotton Shirt,1337.0,4.0,5348.0,Cash
B00340,2025-12-26,Diana Hays,E009,Gabrielle Davis,South,P016,Sweater,2075.0,1.0,2075.0,Net Banking
B00565,2026/02/22,Cody Davidson,E002,,North,P027,Crop Top,3488.0,2.0,,Credit Card
B00346,2025-12-29,Larry Robertson,E015,Dylan Miller,East,P013,Blazer,1145.0,1.0,1145.0,Debit Card
B00242,2025-12-02,Alfred Galvan,E004,,West,P028,Waistcoat,1832.0,,1832.0,UPI
B00014,2025-10-06,Kirk Carter,E011,Monica Herrera,East,P018,Kids Shorts,875.0,1.0,875.0,Net Banking
B00316,2025/12/22,Kristy Bryan,E011,Monica Herrera,East,P017,Kids T-Shirt,1069.0,2.0,2138.0,Credit Card
B00172,2025/11/12,Aimee Turner,E003,Angie Henderson,South,P008,Cotton Saree,855.0,3.0,,Debit Card
B00388,08-01-2026,Casey Gillespie,E006,Connie Lawrence,West,P001,Cotton Shirt,1337.0,3.0,4011.0,Net Banking
B00274,2025-12-08,Monica Miller,E004,Daniel Wagner,West,P015,Jacket,3462.0,1.0,3462.0,Credit Card
B00167,2025-11-11,Megan Nelson,E014,Michele Williams,South,P010,Kurti,4892.0,5.0,24460.0,Debit Card
B00469,28-01-2026,Justin Walker,E003,Angie Henderson,South,P022,,2407.0,5.0,12035.0,Credit Card
B00485,01-02-2026,Alicia Li,E012,Jamie Arnold,East,,Kids Frock,2366.0,3.0,7098.0,Net Banking
B00064,2025-10-19,Wayne Morgan,E003,,South,P006,Polo T-Shirt,3317.0,5.0,16585.0,Cash
B00505,07-02-2026,Brenda Hinton,E013,Lisa Hensley,South,P030,Pathani Suit,3410.0,3.0,10230.0,Cash
B00244,,Dustin Gallegos,E005,Cristian Santos,South,,Leggings,,2.0,,Credit Card
B00567,22-02-2026,Kevin Price,E006,Connie Lawrence,West,P007,Silk Saree,2666.0,,5332.0,Net Banking
B00563,2026-02-21,Christopher Moore,E001,Allison Hill,South,P019,Kids Frock,2366.0,5.0,11830.0,Cash
B00190,2025-11-16,Mary Thompson,E011,Monica Herrera,East,P008,Cotton Saree,855.0,5.0,4275.0,Net Banking
B00476,,Katherine Stark,E015,Dylan Miller,East,P006,Polo T-Shirt,3317.0,4.0,,UPI
B00511,2026-02-08,Todd Reynolds,E002,,North,P023,Churidar,1327.0,,3981.0,Cash
B00059,2025-10-18,Veronica Simpson,E011,Monica Herrera,East,,Kurti,,1.0,4892.0,Cash
B00475,2026-01-29,Robert Jackson,E013,Lisa Hensley,South,P024,Ethnic Gown,,,7226.0,Debit Card
B00561,,Samuel Wong,E010,Ryan Munoz,West,P021,Track Pants,1153.0,5.0,,UPI
B00253,2025-12-05,Jeffrey Mendez,E013,Lisa Hensley,South,P019,Kids Frock,2366.0,5.0,11830.0,Debit Card
B00022,07-10-2025,Michael Lyons,E012,Jamie Arnold,East,P020,Night Suit,2870.0,5.0,14350.0,Credit Card
B00314,,Todd Moore,E015,Dylan Miller,East,P011,Leggings,1522.0,3.0,4566.0,Net Banking
B00460,25-01-2026,Felicia Krueger,E010,Ryan Munoz,West,P001,Cotton Shirt,1337.0,4.0,5348.0,Net Banking
B00161,2025-11-11,Sergio Knight,E012,Jamie Arnold,East,P012,Dupatta,3600.0,5.0,18000.0,Credit Card
B00277,2025-12-10,Lance Simmons,E013,Lisa Hensley,South,P015,Jacket,3462.0,3.0,10386.0,Credit Card
B00192,16-11-2025,Joann Glass,E002,Noah Rhodes,North,P007,Silk Saree,2666.0,4.0,10664.0,Debit Card
B00386,,Kimberly Sharp,E001,Allison Hill,South,,Denim Jeans,3612.0,1.0,3612.0,Cash
B00414,2026-01-15,Amy Kelley,E012,Jamie Arnold,East,P024,,,2.0,,Credit Card
B00492,2026-02-04,Shannon Malone,E008,Gina Moore,North,P013,,1145.0,1.0,1145.0,UPI
B00344,2025-12-28,Kathryn Williams,E002,Noah Rhodes,North,P003,Denim Jeans,3612.0,2.0,7224.0,UPI
B00309,19-12-2025,Christopher Morris,E013,Lisa Hensley,South,P017,Kids T-Shirt,1069.0,3.0,3207.0,Credit Card
B00131,2025/11/05,Nichole Alvarez,E004,,West,P014,Hoodie,2901.0,5.0,14505.0,Debit Card
B00100,2025-10-29,Shannon Ramsey,E010,Ryan Munoz,West,P025,,2777.0,4.0,11108.0,UPI
B00373,2026/01/05,Tina Ballard,E012,Jamie Arnold,East,P008,Cotton Saree,855.0,4.0,,Net Banking
B00088,2025-10-26,Tanner Mitchell DDS,E011,Monica Herrera,East,P016,Sweater,2075.0,1.0,,Debit Card
B00459,2026-01-25,Kristin Mendoza,E002,Noah Rhodes,North,P007,Silk Saree,2666.0,5.0,13330.0,UPI
B00331,2025-12-24,Kathleen Robertson,E001,Allison Hill,South,P022,Palazzo,2407.0,,4814.0,UPI
B00215,2025-11-22,Emily Bennett,E007,Abigail Shaffer,East,P023,Churidar,1327.0,1.0,1327.0,UPI
B00467,2026-01-27,William Harrison,E010,Ryan Munoz,West,P028,,1832.0,5.0,9160.0,Net Banking
B00122,2025-11-03,Dana Martinez,E009,,South,P014,Hoodie,2901.0,,14505.0,UPI
B00125,2025-11-04,Charles Lester,E006,Connie Lawrence,West,P005,Casual T-Shirt,3440.0,4.0,13760.0,Net Banking
B00021,2025/10/07,Laura Roberts,E014,Michele Williams,South,P022,Palazzo,2407.0,,2407.0,Credit Card
B00072,2025-10-21,Stephanie Williams,E008,Gina Moore,North,P006,,3317.0,,16585.0,Net Banking
B00107,2025/10/31,Connie Brown,E007,Abigail Shaffer,East,P009,Designer Lehenga,4263.0,2.0,8526.0,Cash
B00271,2025-12-07,Steve Paul,E015,,East,P014,Hoodie,2901.0,1.0,2901.0,Cash
B00436,20-01-2026,Jennifer Miranda,E001,Allison Hill,South,,Kurti,4892.0,5.0,24460.0,Cash
B00103,30-10-2025,Jordan Chambers,E001,Allison Hill,South,P021,Track Pants,1153.0,5.0,5765.0,UPI
